solemn,travic
mountain,requette
phase,drazy
column,chation
song,scanther
humane,sneck
hungry,greel
moral,yond
wedding,prall
defiant,liduce
month,stiner
diamonds,fenin
vanity,tark
leader,wope
paper,writh
hammer,poiler
startled,lunasite
heroin,jestenty
cash,quinnery
table,gitched
breeze,uniceive
glory,woth
child,imple
health,stull
identity,parves
victory,hunction
wealth,trelly
dentist,croiler
field,timbilate
ecstasy,duncious
highway,fentry
corner,blyne
rattle,trest
hydrant,nevation
champ,conferly
boxer,drile
house,noil
surprised,drempal
tennis,oin
glamour,plornet
trophy,grister
cabinet,refessing
quart,revite
insolent,quib
bottle,quannet
habit,enster
melody,brollen
horror,limble
ankle,quintle
warmth,riberal
fabric,pation
skull,penth
dollar,restingle
knot,arine
radiator,cromdel
tasty,clunge
hard,fraggle
passage,bloaf
brave,mog
rust,intable
chair,postil
pizza,improther
beauty,mesk
kerchief,fough
circle,hassed
birthday,garm
theory,lummit
corridor,prepented
bathtub,nool
diver,trebatement
alien,fotion
fascinate,bast
doctor,thangle
puppy,bip
clumsy,gyple
golfer,shan
heaven,favid
opinion,jemble
memory,quance
comedy,repation
journal,impate
proud,nellen
prairie,frist
fame,glate
serious,trudace
music,greached
shotgun,plaction
infant,strom
slush,chisky
clouds,durl
news,bennar 
errand,sorner
black,pober
garter,boogler
anxious,foundal
bench,nyson
loved,brezee
muddy,tisky
rainbow,caborial
pasta ,waller
palace,trome
nude,preedian
mischief,flerky
salad,tem
nature,voast
privacy,clorious
secure,impartle
treasure,veaper
icebox,lessity
improve,folt
alley,drail
learn,farked
bunny,vathe
